item_name,sub_category,2026-02-12 17:57,2026-02-12 18:52,2026-02-12 19:47,2026-02-12 20:40,2026-02-12 22:09,2026-02-12 23:48,2026-02-13 00:54,2026-02-13 01:50,2026-02-13 01:59,2026-02-13 03:01,2026-02-13 04:49,2026-02-13 05:37,2026-02-13 07:33,2026-02-13 08:30,2026-02-13 11:22,2026-02-13 13:53,2026-02-13 15:00,2026-02-13 16:11,2026-02-13 17:43,2026-02-13 18:44,2026-02-13 19:40,2026-02-13 20:32,2026-02-13 22:01,2026-02-13 23:41,2026-02-14 00:42,2026-02-14 01:48,2026-02-14 02:40,2026-02-14 03:51,2026-02-14 04:42,2026-02-14 05:40,2026-02-14 06:36,2026-02-14 07:34,2026-02-14 08:31,2026-02-14 11:04,2026-02-14 13:42,2026-02-14 14:44,2026-02-14 15:45,2026-02-14 16:34,2026-02-14 17:34,2026-02-14 18:32,2026-02-14 19:27,2026-02-14 20:23,2026-02-14 21:50,2026-02-14 22:45,2026-02-14 23:28,2026-02-15 00:26,2026-02-15 01:30,2026-02-15 02:27,2026-02-15 03:36,2026-02-15 04:24,2026-02-15 05:27,2026-02-15 06:25,2026-02-15 07:25,2026-02-15 08:25,2026-02-15 11:22,2026-02-15 13:54,2026-02-15 14:57,2026-02-15 15:57,2026-02-15 16:40,2026-02-15 17:34,2026-02-15 18:33,2026-02-15 19:27,2026-02-15 20:24,2026-02-15 21:52,2026-02-15 22:46,2026-02-15 23:28,2026-02-16 00:27,2026-02-16 01:31,2026-02-16 02:26,2026-02-16 03:37,2026-02-16 04:26,2026-02-16 05:28,2026-02-16 06:26,2026-02-16 07:25,2026-02-16 08:27,2026-02-16 11:11,2026-02-16 13:59,2026-02-16 15:11,2026-02-16 16:54,2026-02-16 17:50,2026-02-16 18:55,2026-02-16 19:51,2026-02-16 20:40,2026-02-16 22:05,2026-02-16 23:42,2026-02-17 00:42,2026-02-17 01:44,2026-02-17 02:38,2026-02-17 03:44,2026-02-17 04:32,2026-02-17 05:33,2026-02-17 06:30,2026-02-17 07:29,2026-02-17 08:30,2026-02-17 11:08,2026-02-17 13:52,2026-02-17 14:57,2026-02-17 16:07,2026-02-17 17:48,2026-02-17 18:51,2026-02-17 19:45,2026-02-17 20:40,2026-02-17 22:05,2026-02-17 23:45,2026-02-18 00:53,2026-02-18 01:58,2026-02-18 02:58,2026-02-18 04:09,2026-02-18 05:38,2026-02-18 11:12,2026-02-18 13:54,2026-02-18 15:01,2026-02-18 16:50,2026-02-18 17:46,2026-02-18 18:50,2026-02-18 19:45,2026-02-18 20:38,2026-02-18 22:05,2026-02-18 23:44,2026-02-19 00:53,2026-02-19 02:04,2026-02-19 03:56,2026-02-19 04:51,2026-02-19 05:40,2026-02-19 06:35,2026-02-19 07:34,2026-02-19 08:30,2026-02-19 11:10,2026-02-19 13:53,2026-02-19 14:59,2026-02-19 16:12,2026-02-19 17:44,2026-02-19 18:47,2026-02-19 19:43,2026-02-19 20:38
견습생용 제작 키트,기타,1,1,1,1,1,1,1,1,1,1,1,1,1,1,,,,1,1,1,1,1,1,82,1,1,1,1,1,1,1,1,1,1,1,1,1,1,1,1,1,1,1,1,1,1,1,1,1,1,1,1,1,1,1,1,1,1,1,1,82,82,82,79,73,69,1,1,1,1,1,1,1,1,1,1,1,1,1,1,1,1,1,1,1,1,1,1,1,1,64,64,64,63,59,50,39,35,30,27,19,19,15,12,10,9,8,7,7,6,6,6,6,4,4,4,3,3,2,2,2,1,1,1,1,1,1,2,1,1,1,1,1,1,1
고고학의 결정,고고학,79,79,79,79,78,78,77,77,77,77,77,77,80,80,80.0,81.0,81.0,79,79,79,78,77,76,76,75,75,74,74,73,73,73,73,73,70,70,70,70,70,70,70,70,74,78,78,77,78,79,78,78,79,79,79,79,79,79,77,77,77,77,77,77,77,77,70,78,78,76,76,75,75,110,110,110,110,110,110,109,108,80,79,79,78,78,77,75,74,73,71,71,72,72,72,72,70,70,69,69,79,79,78,78,77,76,76,75,75,74,74,74,74,79,79,79,79,79,650,650,638,364,362,361,360,359,359,359,358,358,354,352,351,350,350,350,349,339
고대 유물,고고학,88,90,88,88,88,91,89,91,90,91,93,94,94,92,94.0,90.0,91.0,91,92,88,90,86,89,93,93,88,90,90,91,92,93,88,91,91,90,90,88,89,89,88,87,85,87,89,90,89,89,89,91,90,89,88,88,91,90,89,88,90,90,90,89,89,88,85,88,88,88,89,88,90,89,89,90,89,88,91,88,90,88,89,88,88,88,87,87,88,90,90,88,90,90,91,90,90,89,88,88,88,89,87,88,89,90,89,88,90,86,89,89,92,95,95,93,95,90,94,93,95,94,93,94,96,95,94,96,97,97,96,98,95,94,94,95,94,96
낚시의 결정,낚시,68,68,494,493,490,489,477,477,477,477,476,470,470,470,467.0,465.0,465.0,464,69,68,68,68,463,462,462,459,459,430,430,410,410,410,410,404,399,397,397,394,350,348,348,348,330,330,329,325,319,318,318,318,315,315,315,314,311,200,200,199,199,199,199,198,198,196,195,195,194,190,188,185,185,185,184,184,184,183,183,183,182,170,100,100,100,100,99,98,98,97,97,97,97,96,96,96,90,90,90,89,87,87,86,86,84,82,80,80,79,78,78,78,77,77,76,76,76,75,76,74,73,73,73,72,72,73,73,73,73,72,72,72,71,70,70,70,69
다듬은 생고기,수렵,205,205,203,207,213,212,210,202,201,200,201,200,203,188,203.0,199.0,197.0,203,188,192,195,194,191,202,204,199,197,199,198,193,195,194,183,197,193,194,191,190,185,181,186,185,195,194,194,190,194,192,186,181,190,194,190,191,184,185,184,184,191,189,188,193,189,190,192,191,193,189,190,190,188,175,183,185,177,183,186,183,180,185,186,183,185,179,183,180,180,178,180,181,179,178,181,181,182,174,177,177,184,177,180,180,185,205,197,189,193,190,189,204,220,230,220,220,220,219,220,219,219,215,208,209,204,205,200,204,201,207,200,205,202,200,210,210,208
단단한 철광석,채광,1045,1027,1043,1025,1150,1080,1084,1079,1000,1072,1068,1066,1067,1065,1070.0,1065.0,1064.0,1067,1070,1053,1070,1078,1067,1057,1050,1047,1058,1050,1059,1056,1056,1059,1060,1050,1060,1071,1069,1055,1049,1042,1043,1047,1044,1045,1048,1053,1052,1040,1050,1051,1050,1050,1040,1052,1054,1053,1050,1040,1062,1050,1048,1064,1056,1050,1051,1051,1055,1055,1052,1211,1210,1195,1192,1190,1192,1164,1067,1099,1086,1084,1086,1085,1084,1099,1087,1069,1078,1060,1090,1100,1084,1090,1101,1100,1090,1146,1090,1144,1130,1144,1133,1129,1143,1128,1140,1144,1137,1136,1131,1129,1115,1117,1119,1117,1099,1107,1099,1106,1110,1098,1096,1089,1098,1098,1097,1099,1100,1090,1089,1079,1087,1080,1120,1115,1119
달인용 제작 키트,기타,28199,28299,27999,28888,28800,29300,29400,28999,28999,29450,28000,29388,29300,29190,28700.0,28500.0,28600.0,28700,28990,29000,29399,29150,29100,28880,28613,28990,29270,29200,29332,29400,29200,28898,28000,28730,28700,28700,28800,28886,28833,28890,28776,28800,29122,29500,29000,29890,29998,29997,29999,29900,29999,29988,29500,29777,28900,29000,29000,29997,29950,29998,29996,29990,29980,29900,29800,29500,30979,31220,31700,31498,31400,31488,31444,30999,30770,29887,30900,31331,31396,31690,31000,30612,30000,31699,31699,31689,31684,31499,30998,30880,30996,30996,30500,29990,30777,31000,30850,31000,30998,30950,31500,30788,31100,30000,29490,30400,31198,31299,31297,31277,31275,30400,30800,30800,30700,30800,30888,29900,30000,30883,30883,30887,30500,30449,30400,30400,30298,30443,29643,29641,29599,29400,29299,29450,29300
도구 제작 부품,기타,27,27,27,28,28,28,28,28,28,28,28,28,28,28,28.0,28.0,28.0,28,28,28,28,28,27,28,27,27,28,27,27,27,27,27,27,28,28,27,27,28,28,28,28,28,28,28,28,28,28,28,28,28,28,28,28,28,29,30,30,30,30,28,28,28,28,27,28,28,29,28,28,28,28,28,28,28,28,28,28,28,28,28,28,29,29,29,29,29,29,29,29,28,29,29,29,29,28,28,28,29,28,29,28,28,28,28,29,28,29,29,29,29,28,28,28,28,29,29,29,29,29,29,29,29,29,29,29,29,29,29,29,29,29,28,28,27,27
두툼한 생고기,수렵,101,101,101,102,109,107,105,95,95,95,101,102,101,97,105.0,98.0,98.0,101,95,96,94,93,94,99,100,96,94,94,98,96,96,95,92,95,95,93,94,95,93,93,93,92,97,97,98,91,95,93,91,91,90,96,90,94,94,94,90,93,95,95,91,94,94,95,95,95,97,94,94,94,92,90,94,91,88,91,92,92,92,91,93,91,93,90,90,87,86,88,88,88,88,88,90,87,90,87,89,75,91,88,95,92,93,101,97,86,96,90,91,103,110,173,156,158,151,144,138,136,130,125,116,110,107,108,104,103,100,105,101,99,99,100,104,105,105
들꽃,식물채집,120,121,125,125,122,127,120,110,114,125,129,140,139,144,186.0,154.0,129.0,131,123,121,118,113,125,126,121,122,121,122,125,130,131,128,135,133,129,131,130,134,129,130,132,126,127,124,123,124,125,127,123,127,128,127,125,126,127,126,124,121,127,121,122,129,131,116,113,116,119,113,114,115,120,119,118,115,122,123,123,119,117,113,109,114,115,109,116,110,115,117,110,119,120,121,123,123,120,116,114,112,113,111,110,110,99,111,105,100,110,111,112,118,131,127,99,94,113,109,110,108,110,110,108,107,110,109,110,109,109,108,112,110,113,105,113,114,99
목재,벌목,90,90,88,88,90,89,89,91,91,92,91,92,92,91,88.0,90.0,91.0,89,86,89,90,88,89,89,89,90,87,91,90,90,89,89,91,92,89,89,87,88,87,87,88,89,89,89,89,90,88,90,89,90,89,90,90,89,90,87,84,88,89,90,90,88,89,89,89,91,89,90,89,90,91,91,91,91,90,90,89,88,88,89,88,88,88,87,89,85,86,87,88,88,89,90,90,89,90,89,85,90,87,89,88,87,88,88,88,88,80,90,90,92,85,89,91,89,90,94,89,95,91,93,95,95,94,93,94,96,96,97,95,95,90,95,95,95,94
묵직한 철광석,채광,187,189,187,178,192,186,193,184,184,186,188,188,190,186,190.0,186.0,191.0,192,190,185,186,190,179,182,183,181,184,188,190,177,190,189,188,190,239,238,226,213,200,198,196,198,194,190,190,192,187,189,194,193,194,195,194,195,195,186,180,180,198,195,188,196,187,194,187,182,190,193,191,193,192,194,192,194,192,185,192,195,185,183,186,185,185,234,207,199,192,182,193,190,192,192,195,188,180,188,185,187,179,183,187,187,190,187,187,188,184,180,182,190,215,206,198,187,187,193,192,196,195,193,189,187,189,191,192,192,192,193,199,190,190,187,198,195,198
부드러운 목재,벌목,177,178,179,175,182,178,180,180,182,183,182,183,183,183,181.0,182.0,181.0,177,182,178,180,177,180,179,180,178,176,182,179,180,178,181,180,184,178,179,176,177,177,177,176,178,179,181,179,178,178,179,176,179,180,181,181,179,180,179,177,177,176,177,180,178,179,177,176,179,179,178,179,179,178,181,181,179,180,179,181,177,176,179,176,176,175,175,178,176,175,175,175,176,178,178,180,180,179,178,174,173,178,175,175,173,176,178,173,177,179,180,180,190,180,180,182,178,183,187,185,210,184,188,192,187,188,187,189,192,194,196,193,190,186,182,190,189,189
붉은 살 생선,낚시,171,187,180,171,171,188,188,187,171,171,187,188,188,182,186.0,186.0,186.0,186,184,176,174,171,175,168,176,176,176,176,171,176,175,176,174,180,185,185,182,182,178,187,187,184,184,171,180,171,170,168,187,180,171,178,171,186,168,176,171,177,177,176,177,177,176,177,171,176,176,179,185,185,171,175,187,188,187,184,176,187,182,179,183,185,179,175,181,177,176,179,177,179,170,168,180,180,179,179,178,171,179,177,171,179,179,180,176,177,179,178,178,178,179,186,171,180,184,185,187,187,171,225,190,189,168,190,171,171,190,188,195,191,190,188,187,195,204
생선,낚시,85,85,91,89,85,90,100,85,85,97,93,95,95,95,95.0,93.0,94.0,93,91,88,87,85,87,88,88,88,88,75,85,88,87,88,88,88,88,89,89,90,92,91,89,88,91,85,91,85,84,98,98,98,85,87,85,96,89,85,85,88,88,87,88,89,90,90,85,88,89,88,89,90,91,85,91,91,90,89,87,97,89,88,90,88,85,89,95,83,88,88,88,88,84,75,88,88,90,91,90,86,89,87,89,91,90,90,85,88,90,89,89,90,89,90,85,89,92,111,99,104,95,103,85,100,100,102,75,75,101,102,102,95,95,94,100,100,97
수렵의 결정,수렵,100,99,99,107,107,105,105,104,104,104,199,199,199,199,188.0,188.0,188.0,187,186,186,186,185,185,184,184,180,180,180,160,160,160,160,160,150,150,150,150,149,100,100,100,100,99,98,149,140,139,139,139,139,139,139,138,138,137,137,137,135,135,135,135,135,135,133,133,133,131,131,130,122,122,122,122,122,122,122,120,100,100,80,104,104,104,105,105,104,120,119,119,119,119,118,118,116,111,111,110,109,116,115,115,115,113,112,108,108,108,107,107,107,106,106,110,110,110,110,110,110,109,132,131,130,130,129,129,128,128,125,125,123,122,121,121,121,119
수줍은 들꽃,식물채집,347,340,347,340,338,338,340,328,330,341,340,343,344,344,349.0,395.0,380.0,385,359,365,353,352,347,337,338,345,348,348,353,358,361,360,370,367,364,361,361,368,357,357,354,350,354,355,353,352,345,353,350,336,348,347,348,346,355,354,348,348,353,349,352,353,355,342,332,330,334,324,319,321,325,326,324,324,326,323,316,312,315,312,309,320,322,320,308,310,309,310,309,310,313,315,315,316,310,311,309,310,310,305,308,303,304,305,290,297,298,302,300,306,306,306,304,299,304,297,294,294,299,297,294,290,298,299,300,299,298,296,298,298,298,299,300,300,294
숙련가용 제작 키트,기타,1,1,1,1,1,1,1,1,1,1,1,1,1,1,1.0,1.0,1.0,1,1,1,1,1,1,1,1,1,1,1,1,1,1,1,1,1,1,1,1,1,1,1,1,1,1,1,1,1,1,1,1,1,1,1,1,1,1,1,1,1,1,1,1,1,1,1,1,1,1,1,1,1,1,1,1,1,1,1,1,1,1,1,1,1,1,1,1,1,1,1,1,1,1,1,1,1,1,1,1,1,1,1,1,1,1,1,1,1,1,1,1,1,1,1,1,1,1,1,1,1,1,1,1,1,1,1,1,1,1,1,1,1,1,1,1,1,1
아비도스 두툼한 생고기,수렵,1348,1350,1350,1365,1365,1354,1343,1340,1335,1336,1334,1333,1329,1313,1299.0,1288.0,1280.0,1291,1200,1295,1290,1288,1294,1310,1324,1286,1280,1295,1294,1291,1294,1292,1278,1255,1242,1241,1289,1294,1286,1257,1298,1295,1294,1293,1289,1283,1258,1232,1232,1220,1218,1210,1214,1189,1204,1202,1196,1220,1228,1232,1233,1239,1260,1270,1277,1275,1274,1275,1260,1250,1263,1245,1250,1245,1240,1227,1199,1190,1200,1215,1224,1217,1211,1215,1239,1218,1200,1195,1200,1190,1200,1199,1198,1200,1187,1187,1118,1197,1199,1169,1165,1163,1168,1240,1284,1280,1277,1270,1276,1283,1284,1282,1394,1400,1419,1418,1418,1417,1418,1416,1409,1398,1395,1395,1390,1397,1398,1343,1334,1338,1332,1328,1396,1366,1397
아비도스 들꽃,식물채집,962,963,965,969,960,970,972,969,967,967,958,950,952,965,967.0,959.0,939.0,932,970,980,968,944,943,930,938,931,934,927,926,928,942,940,943,927,919,933,938,937,937,937,943,942,926,910,919,919,918,918,914,907,909,909,913,910,910,928,913,905,910,916,924,900,900,900,905,900,887,898,898,880,900,889,889,904,907,907,913,897,900,918,914,880,870,874,999,992,980,978,976,973,949,969,968,964,965,967,959,951,940,925,919,917,912,976,940,944,946,845,940,939,963,950,1134,990,1133,1124,1100,1117,1106,1097,1092,1080,1097,1097,1094,1088,1088,1115,1095,1079,1091,1114,1185,1187,1178
아비도스 목재,벌목,1132,1150,1154,1147,1158,1148,1159,1150,1158,1146,1142,1141,1150,1162,1197.0,1156.0,1135.0,1111,1129,1134,1172,1164,1161,1111,1154,1145,1161,1150,1128,1142,1138,1140,1152,1170,1180,1141,1129,1140,1134,1144,1134,1137,1132,1139,1133,1120,1137,1135,1127,1110,1138,1139,1140,1137,1144,1145,1148,1119,1146,1135,1149,1136,1140,1110,1118,1139,1140,1135,1135,1140,1115,1120,1119,1123,1132,1151,1154,1109,1118,1128,1118,1124,1116,1100,1121,1091,1107,1111,1098,1118,1117,1124,1130,1128,1140,1137,1118,1134,1115,1129,1113,1117,1117,1122,1118,1119,1110,1108,1119,1199,1193,1183,1183,1180,1192,1194,1193,1194,1180,1189,1188,1188,1192,1195,1190,1198,1199,1204,1275,1249,1220,1207,1205,1223,1241
아비도스 유물,고고학,1120,1139,1139,1180,1178,1181,1172,1168,1167,1155,1157,1161,1172,1174,1177.0,1144.0,1149.0,1124,1149,1164,1151,1155,1150,1140,1152,1118,1153,1151,1110,1153,1150,1111,1145,1050,1179,1167,1160,1141,1150,1140,1143,1146,1146,1143,1139,1140,1138,1111,1130,1132,1129,1141,1111,1145,1150,1138,1124,1120,1133,1139,1136,1129,1137,1127,1120,1127,1133,1130,1128,1136,1134,1130,1133,1139,1140,1149,1140,1128,1128,1143,1139,1140,1142,1127,1128,1128,1119,1119,1110,1129,1126,1129,1130,1127,1148,1149,1142,1145,1145,1122,1131,1136,1134,1137,1100,1120,1124,1129,1132,1144,1190,1190,1189,1180,1187,1177,1186,1194,1200,1281,1248,1226,1195,1195,1193,1190,1226,1228,1200,1252,1206,1187,1212,1214,1220
아비도스 철광석,채광,1098,1149,1148,1165,1111,1123,1134,1129,1129,1133,1129,1125,1130,1137,1130.0,1129.0,1120.0,1110,1113,1110,1100,1114,1114,1094,1110,1113,1110,1100,1100,1110,1118,1119,1112,1110,1110,1100,1109,1090,1098,1098,1101,1097,1111,1104,1005,1111,1099,1097,1000,1077,1098,1100,1099,1092,1109,1108,1100,1050,1110,1090,1097,1112,1097,1180,1145,1095,1118,1124,1111,1100,1108,1108,1107,1100,1093,1120,1110,1109,1125,1123,1125,1115,1100,1087,1299,1200,1089,1160,1155,1154,1145,1130,1149,1139,1162,1128,1130,1132,1125,1111,1098,1050,1097,1168,1098,1123,1114,1115,1112,1114,1100,1102,1298,1267,1144,1250,1220,1212,1267,1198,1182,1160,1183,1168,1169,1181,1183,1190,1246,1210,1220,1234,1290,1284,1285
아비도스 태양 잉어,낚시,1220,1220,1218,1220,1234,1263,1263,1264,1264,1262,1262,1263,1263,1263,1258.0,1242.0,1241.0,1251,1254,1244,1237,1251,1236,1217,1228,1199,1174,1196,1188,1153,1153,1154,1150,1195,1194,1188,1188,1189,1183,1179,1188,1189,1195,1212,1184,1208,1199,1204,1202,1202,1197,1200,1195,1190,1189,1189,1189,1183,1180,1175,1180,1178,1179,1175,1173,1174,1174,1174,1176,1170,1170,1170,1172,1176,1170,1174,1170,1170,1174,1175,1178,1178,1178,1177,1222,1220,1213,1219,1220,1221,1200,1221,1221,1221,1219,1215,1219,1187,1200,1185,1189,1197,1204,1218,1216,1217,1212,1215,1214,1217,1242,1234,1232,1232,1231,1232,1225,1232,1234,1233,1234,1231,1227,1231,1230,1233,1234,1233,1235,1238,1239,1244,1244,1245,1245
오레하 두툼한 생고기,수렵,1183,1183,1182,1184,1247,1237,1209,1220,1220,1200,1220,1220,1219,1050,1218.0,1150.0,1138.0,1138,1233,1210,1215,1230,1229,1218,1215,1216,1199,1212,1212,1209,1209,1209,1207,1208,1204,1217,1218,1213,1205,1201,1199,1199,1182,1180,1198,1197,1195,1196,1186,1186,1192,1192,1188,1196,1196,1191,1191,1187,1185,1185,1185,1184,1183,1180,1180,1155,1166,1164,1165,1250,1248,1246,1241,1240,1233,1128,1149,1149,1188,1188,1199,1180,1195,1197,1198,1207,1188,1185,1185,1200,1118,1117,1117,1117,1188,1187,1165,1166,1158,1218,1199,1212,1208,1208,1208,1209,1200,1207,1207,1207,1209,1198,1200,1209,1210,1220,1220,1200,1250,1229,1248,1240,1238,1230,1230,1230,1230,1243,1249,1243,1219,1215,1249,1249,1249
오레하 유물,고고학,813,803,808,806,807,809,809,807,806,811,812,813,813,812,799.0,797.0,788.0,759,999,949,1089,1047,998,949,944,939,934,838,829,815,805,804,787,808,798,800,800,797,790,787,786,779,760,748,769,781,779,782,775,779,769,777,773,773,755,781,778,775,775,771,767,770,755,774,760,761,741,790,789,1050,960,708,700,741,748,768,749,759,755,765,770,783,771,764,766,889,856,828,826,830,828,831,828,821,814,811,808,795,759,813,809,819,814,795,780,777,779,797,805,803,807,807,808,809,807,796,794,784,783,784,785,777,770,786,784,785,785,775,759,782,769,764,773,779,764
오레하 태양 잉어,낚시,713,709,733,732,734,731,727,729,725,723,725,725,726,723,724.0,719.0,719.0,719,735,734,745,748,742,742,741,741,741,730,742,741,740,741,740,740,732,742,700,740,740,741,740,700,740,740,740,699,736,738,738,738,738,739,738,739,736,730,728,726,720,722,720,707,717,719,720,718,717,714,716,720,720,720,720,720,719,723,723,722,718,719,720,718,718,716,716,718,718,719,718,718,718,718,718,718,713,710,713,688,688,739,738,739,745,743,745,743,740,739,739,739,744,744,719,721,721,721,720,721,720,720,717,716,716,717,717,716,717,717,720,719,719,716,720,719,718
전문가용 제작 키트,기타,271,269,260,268,270,270,267,270,261,274,275,280,287,285,239.0,260.0,308.0,320,350,339,320,317,329,314,300,299,300,295,299,298,295,297,295,290,298,300,300,310,302,308,307,304,317,319,321,343,354,484,440,437,440,420,400,400,378,350,300,347,335,324,325,200,265,249,199,199,196,200,223,230,261,269,267,265,248,250,248,251,269,275,280,250,272,297,330,300,280,287,274,280,280,278,284,284,270,288,269,329,320,310,328,329,303,285,286,280,280,290,290,290,288,280,267,267,272,238,275,245,244,276,270,248,250,250,270,239,230,254,252,244,244,248,249,238,230
진귀한 가죽,수렵,4,9,5,4,5,4,5,5,4,4,4,4,8,7,3.0,4.0,6.0,5,6,4,5,8,4,6,4,6,4,3,4,4,4,4,7,5,6,5,5,5,4,2,9,5,5,4,5,4,4,1,3,3,5,4,4,4,9,4,5,4,5,5,5,2,2,6,5,4,5,3,3,1,1,4,6,6,5,9,5,5,5,5,4,8,5,6,5,8,7,6,6,7,6,5,5,5,4,4,1,6,6,4,8,6,4,4,5,6,6,9,8,5,6,5,4,6,9,7,7,7,5,7,8,28,28,26,26,22,17,10,9,8,8,7,5,5,6
진귀한 유물,고고학,6,7,4,6,5,5,5,6,5,4,5,6,7,5,6.0,6.0,9.0,6,7,4,6,4,5,6,5,5,5,3,4,5,5,5,8,6,5,5,6,5,6,6,7,5,4,6,6,6,5,5,5,4,6,4,4,5,5,3,6,6,4,5,5,5,6,4,5,5,5,3,6,5,5,4,6,6,6,6,5,4,4,6,5,7,8,6,4,5,5,6,8,8,7,8,8,7,5,5,5,5,6,8,4,5,5,5,3,7,8,7,6,8,6,7,6,5,5,5,6,5,5,7,7,5,4,8,8,8,7,6,7,8,7,6,6,6,6
철광석,채광,96,106,105,104,102,98,101,96,97,95,97,94,98,101,103.0,101.0,98.0,105,94,96,98,100,98,99,100,97,104,103,104,103,106,106,116,112,104,112,112,107,99,97,99,104,103,101,102,102,96,95,97,96,93,97,97,98,99,100,102,97,102,100,99,90,97,99,96,88,96,94,89,93,93,94,97,98,101,101,100,101,114,112,105,102,101,105,109,99,99,95,98,97,97,98,99,99,99,102,100,99,100,99,100,100,101,100,99,100,96,98,98,101,116,116,111,109,108,109,108,107,100,104,101,100,102,102,103,103,103,102,109,102,104,107,109,105,108
초보자용 제작 키트,기타,400,400,400,400,400,400,400,400,400,400,400,350,350,350,400.0,400.0,400.0,498,498,498,498,497,497,497,497,497,497,497,497,497,497,490,490,488,460,460,460,460,460,460,460,460,459,459,459,459,458,458,458,458,458,458,458,458,457,457,456,456,456,456,456,456,455,455,455,455,455,455,454,454,454,454,454,454,454,450,440,439,439,439,439,439,439,439,437,437,437,437,437,437,437,437,437,437,436,436,436,436,436,435,435,435,433,420,420,420,420,420,420,420,419,419,419,419,419,411,411,411,411,411,411,400,400,400,400,400,400,400,398,398,398,398,398,397,397
튼튼한 목재,벌목,897,896,892,889,907,891,908,910,910,916,915,914,919,916,912.0,899.0,904.0,893,894,888,908,902,886,898,898,895,897,900,906,908,897,900,902,920,876,900,873,890,888,887,890,897,898,897,894,893,898,885,892,895,898,899,899,895,892,898,890,889,880,899,905,894,883,883,889,893,897,898,891,885,889,895,905,908,901,893,888,879,883,890,888,888,882,876,890,870,866,865,875,884,890,889,889,889,893,888,879,880,880,898,876,884,883,883,875,887,896,893,894,942,910,913,903,907,914,947,945,938,920,947,944,953,942,940,945,952,974,978,965,949,956,937,949,957,962
화사한 들꽃,식물채집,846,847,839,837,847,838,800,842,844,845,845,845,846,845,845.0,846.0,841.0,842,844,846,846,843,845,838,835,841,842,842,845,845,846,846,850,849,857,859,859,857,845,844,842,843,840,830,834,829,835,840,840,838,841,839,839,838,839,841,828,828,826,822,824,824,830,807,810,838,838,829,830,859,859,857,855,855,854,844,844,842,834,832,811,820,822,817,805,802,805,808,803,810,820,822,822,825,819,824,820,825,823,828,828,825,825,830,818,800,822,830,835,848,848,845,820,830,830,824,820,823,833,838,833,819,835,832,824,818,817,835,830,829,832,832,834,832,830
희귀한 유물,고고학,176,181,176,177,176,180,173,183,182,184,186,186,187,182,186.0,179.0,181.0,181,181,177,178,174,177,181,181,176,181,180,181,177,184,174,182,182,179,181,180,176,178,177,175,177,175,178,178,179,179,179,181,180,177,177,177,181,182,176,178,179,179,179,179,177,179,174,177,176,177,177,179,179,178,177,179,179,178,179,178,178,175,179,177,177,178,176,177,177,180,181,178,180,177,181,180,181,179,176,179,179,175,179,177,170,177,180,174,179,172,178,179,183,186,185,181,186,180,187,187,189,188,192,190,189,185,192,193,193,193,191,192,190,186,185,190,189,191
